City_ID,City,Country,Lat,Lng,Cloudiness,Humidity,Max Temp,Wind Speed,Date
0,Jamestown,AU,-33.21,138.6,94,18,76.15,1.79,1572426056
1,Qeshm,IR,26.96,56.27,20,46,93.2,9.17,1572426056
2,Tual,ID,-5.67,132.75,13,75,81.73,7.85,1572426056
3,Port Elizabeth,US,39.31,-74.98,90,93,63.0,3.36,1572426057
4,Vanavara,RU,60.35,102.28,99,73,16.56,15.5,1572426057
5,Busselton,AU,-33.64,115.35,100,53,64.99,24.52,1572426057
6,Saskylakh,RU,71.97,114.09,0,95,-7.19,6.76,1572426057
7,Mataura,NZ,-46.19,168.86,3,76,48.99,13.0,1572426057
8,Chuy,UY,-33.69,-53.46,88,91,61.97,8.72,1572426057
9,Ponta do Sol,BR,-20.63,-46.0,43,97,63.25,3.18,1572426057
10,Ponta Delgada,PT,37.73,-25.67,20,94,69.8,8.05,1572426057
11,Kochevo,BG,42.1,24.92,97,51,60.8,5.82,1572425885
12,Yuanping,CN,38.72,112.71,0,26,55.99,1.74,1572426058
13,Vaini,IN,15.34,74.49,40,58,82.4,11.41,1572426058
14,Carnarvon,ZA,-30.97,22.13,0,5,63.81,9.44,1572426058
15,Pevek,RU,69.7,170.27,0,84,2.88,8.28,1572426059
16,Hobyo,SO,5.35,48.53,64,58,86.05,9.84,1572426059
17,Kaitangata,NZ,-46.28,169.85,24,65,48.54,28.32,1572426059
18,Airai,TL,-8.93,125.41,86,77,71.92,4.56,1572426059
19,Prescott,US,34.54,-112.47,1,30,32.0,17.22,1572425823
20,Lompoc,US,34.64,-120.46,1,81,54.0,8.01,1572425863
21,Bud,NO,62.91,6.91,75,75,42.8,20.8,1572426059
22,Cabo San Lucas,MX,22.89,-109.91,0,84,72.0,11.21,1572426002
23,Rikitea,PF,-23.12,-134.97,100,79,71.47,9.26,1572426059
24,Ushuaia,AR,-54.81,-68.31,16,42,44.6,13.87,1572426048
25,Hilo,US,19.71,-155.08,90,78,73.4,3.36,1572426060
26,Punta Arenas,CL,-53.16,-70.91,100,69,33.8,13.87,1572426060
27,Belmonte,PT,40.36,-7.35,100,97,61.0,4.56,1572426060
28,Talnakh,RU,69.49,88.39,75,78,8.6,22.37,1572426060
29,Carayao,PY,-25.18,-56.4,0,50,81.07,5.21,1572426060
30,Norman Wells,CA,65.28,-126.83,75,100,24.8,2.24,1572426060
31,Hovd,NO,63.83,10.7,75,80,46.0,13.87,1572426060
32,Hithadhoo,MV,-0.6,73.08,100,77,82.44,13.11,1572426060
33,Yumbe,UG,3.47,31.25,1,59,84.58,4.65,1572426060
34,Butaritari,KI,3.07,172.79,100,75,84.38,19.1,1572426061
35,Puerto Ayora,EC,-0.74,-90.35,3,91,68.0,4.0,1572426061
36,Saint-Philippe,CA,45.36,-73.48,90,82,57.0,8.05,1572426061
37,Oranjemund,ZA,-28.55,16.43,0,27,71.73,13.87,1572426061
38,Teguise,ES,29.06,-13.56,20,83,75.2,11.41,1572426061
39,Ribeira Brava,PT,32.65,-17.07,20,83,71.01,2.24,1572426061
40,Kamenka,MD,48.03,28.7,0,66,43.0,5.99,1572426061
41,Leningradskiy,RU,69.38,178.42,0,77,16.34,17.85,1572426061
42,Kirakira,SB,-10.46,161.92,80,89,76.57,9.08,1572426061
43,Anadyr,RU,64.73,177.51,0,71,6.8,6.71,1572426063
44,Shimoda,JP,34.7,138.93,20,59,66.2,11.41,1572426063
45,Bluff,AU,-23.58,149.07,95,50,73.99,20.65,1572426063
46,Qaanaaq,GL,77.48,-69.36,96,88,5.99,8.37,1572426063
47,Longyearbyen,NO,78.22,15.63,75,72,15.8,8.05,1572426063
48,Kanniyakumari,IN,8.08,77.57,100,81,81.1,21.23,1572426063
49,Guangyuan,CN,32.43,105.86,80,62,70.0,3.56,1572426063
50,Flinders,AU,-34.58,150.85,59,46,73.4,5.82,1572426064
51,Yarada,IN,17.65,83.27,40,70,87.8,9.17,1572426064
52,Khatanga,RU,71.98,102.47,100,96,6.58,4.09,1572426064
53,Cape Town,ZA,-33.93,18.42,75,55,69.01,4.7,1572426064
54,Barrow,AR,-38.31,-60.23,97,69,55.09,12.19,1572426065
55,Naze,NG,5.43,7.07,75,94,77.0,2.24,1572426066
56,San Patricio,PY,-26.98,-56.83,0,47,82.67,10.98,1572426066
57,Fort Nelson,CA,58.81,-122.69,90,74,30.2,3.36,1572426066
58,Alofi,NU,-19.06,-169.92,100,100,75.2,3.36,1572426066
59,Arraial do Cabo,BR,-22.97,-42.02,95,94,69.8,10.67,1572426066
60,New Norfolk,AU,-42.78,147.06,75,58,59.0,6.93,1572425837
61,Dhidhdhoo,MV,6.88,73.1,100,83,78.33,27.49,1572426066
62,Tuktoyaktuk,CA,69.44,-133.03,35,90,28.85,2.91,1572426067
63,Tabuk,PH,17.41,121.44,100,86,77.85,7.65,1572426067
64,Byron Bay,AU,-28.65,153.62,88,60,70.0,11.41,1572425940
65,San Quintin,PH,17.54,120.52,97,84,79.75,1.21,1572426068
66,Kudahuvadhoo,MV,2.67,72.89,98,76,82.0,10.74,1572426068
67,Hermanus,ZA,-34.42,19.24,30,59,66.0,8.99,1572426068
68,Saldanha,PT,41.42,-6.55,100,89,56.77,4.92,1572426068
69,Yellowknife,CA,62.45,-114.38,90,74,28.4,9.17,1572425849
70,Myanaung,MM,18.28,95.32,100,73,87.24,5.93,1572426068
71,Rapar,IN,23.57,70.65,64,45,90.1,12.55,1572426068
72,Parry Sound,CA,45.34,-80.04,94,87,45.0,3.51,1572426069
73,Singaraja,ID,-8.11,115.08,6,65,83.48,5.73,1572426069
74,Isangel,VU,-19.55,169.27,33,76,69.91,19.71,1572426069
75,East London,ZA,-33.02,27.91,20,30,71.6,18.34,1572425934
76,Victoria,BN,5.28,115.24,75,66,87.8,4.7,1572426023
77,Bethel,US,60.79,-161.76,1,74,32.0,13.87,1572426069
78,Karratha,AU,-20.74,116.85,20,62,82.29,16.82,1572426069
79,Kavieng,PG,-2.57,150.8,100,71,84.43,9.24,1572426069
80,Esperance,AU,-33.86,121.89,76,10,87.8,19.46,1572426069
81,Avarua,CK,-21.21,-159.78,49,78,75.2,18.34,1572426069
82,Provideniya,RU,64.42,-173.23,0,75,14.99,3.67,1572426070
83,Jiangyou,CN,31.78,104.73,21,61,59.22,4.97,1572426070
84,Kapaa,US,22.08,-159.32,1,83,75.2,4.7,1572426070
85,Avera,US,33.19,-82.53,90,100,69.01,3.36,1572426070
86,Laguna,BZ,16.17,-88.94,40,100,77.0,1.14,1572426070
87,Castro,CL,-42.48,-73.76,29,100,37.4,8.05,1572426070
88,Kitimat,CA,54.02,-128.69,90,93,35.6,2.24,1572426070
89,Makakilo City,US,21.35,-158.09,1,100,77.0,0.87,1572426070
90,Heihe,RU,50.24,127.51,75,87,33.8,6.71,1572426070
91,Klaksvik,FO,62.23,-6.59,100,87,44.6,10.29,1572426070
92,Rio Grande,BR,-32.03,-52.1,100,94,65.41,6.98,1572426006
93,Twin Falls,US,42.57,-114.46,1,71,12.2,5.82,1572426071
94,Atuona,PF,-9.8,-139.03,0,77,79.79,14.12,1572426072
95,Florianopolis,BR,-27.6,-48.55,100,88,73.0,6.93,1572426018
96,Golden,US,39.76,-105.22,90,84,12.2,4.7,1572426040
97,Yulin,CN,38.3,109.75,0,29,54.57,8.34,1572426072
98,Ostrovnoy,RU,68.05,39.51,100,95,25.0,12.53,1572426072
99,Okhotsk,RU,59.36,143.24,100,98,35.02,10.13,1572426072
100,Dingle,PH,11.0,122.67,93,85,80.17,7.52,1572426073
101,Mahebourg,MU,-20.41,57.7,40,57,80.01,11.41,1572426073
102,Kavaratti,IN,10.57,72.64,100,78,82.22,18.37,1572426073
103,Madang,CN,35.32,102.79,100,27,47.97,5.28,1572426073
104,Pyapon,MM,16.29,95.68,42,58,90.68,0.43,1572426073
105,Beloha,MG,-25.17,45.06,0,35,92.95,7.81,1572426073
106,Myaundzha,RU,63.05,147.18,88,95,13.35,5.35,1572426073
107,Souillac,FR,45.6,-0.6,90,100,55.4,3.36,1572426075
108,Portage,US,41.58,-87.18,90,100,39.2,8.05,1572426075
109,Smithers,CA,54.78,-127.17,90,92,28.4,2.46,1572426075
110,Kodiak,US,39.95,-94.76,90,86,35.01,8.05,1572426075
111,Verkhnyaya Inta,RU,65.99,60.32,100,95,23.83,21.52,1572426075
112,College,US,64.86,-147.8,75,98,35.01,2.44,1572426075
113,Roseville,US,42.5,-82.94,75,81,46.4,5.82,1572425917
114,Xining,CN,36.62,101.77,100,26,43.54,7.29,1572426075
115,Albany,US,42.65,-73.75,90,82,57.2,4.7,1572426075
116,Khorramabad,IR,33.48,48.35,40,59,64.4,9.17,1572426076
117,Port Blair,IN,11.67,92.75,52,69,84.83,6.4,1572426076
118,Port Alfred,ZA,-33.59,26.89,0,46,70.0,8.01,1572426076
119,Pandan,PH,11.72,122.09,34,75,84.25,15.82,1572426076
120,Axim,GH,4.87,-2.24,2,78,81.46,4.38,1572426076
121,Cidreira,BR,-30.17,-50.22,100,88,70.72,10.29,1572426076
122,Hami,CN,42.84,93.51,0,20,58.84,3.36,1572426076
123,Eyl,SO,7.98,49.82,67,59,79.27,6.93,1572426076
124,Tasiilaq,GL,65.61,-37.64,47,68,26.6,2.24,1572426076
125,Ambilobe,MG,-13.19,49.05,0,31,95.58,5.35,1572426076
126,Tashara,RU,55.52,83.51,100,66,36.59,3.27,1572426077
127,Katsuura,JP,33.93,134.5,75,72,66.2,3.36,1572426077
128,Clyde River,CA,70.47,-68.59,90,100,26.6,4.7,1572426077
129,Saint George,GR,39.45,22.34,20,63,71.6,1.79,1572426077
130,Pisco,PE,-13.71,-76.2,90,88,62.6,3.36,1572426077
131,Fortuna,US,40.6,-124.16,1,42,44.6,14.99,1572426077
132,Thinadhoo,MV,0.53,72.93,93,74,82.65,11.16,1572426077
133,Rangpo,IN,27.17,88.53,40,48,86.0,3.36,1572426077
134,Faya,SA,18.39,42.45,0,13,77.0,4.7,1572426077
135,Perth,AU,-31.95,115.86,90,93,66.99,20.8,1572426020
136,Dikson,RU,73.51,80.55,30,89,1.04,8.95,1572426079
137,Vila Velha,BR,-3.71,-38.6,40,69,79.0,11.41,1572426079
138,Burnie,AU,-41.05,145.91,67,77,55.0,4.83,1572426079
139,Sao Jose da Coroa Grande,BR,-8.9,-35.15,51,74,77.97,8.68,1572426079
140,Atambua,ID,-9.11,124.89,51,61,79.57,4.16,1572426079
141,Palana,RU,59.08,159.95,92,95,29.62,4.14,1572426079
142,Bandar,BD,22.29,91.78,40,62,86.0,2.24,1572426079
143,Sampit,ID,-2.54,112.95,85,58,87.33,8.08,1572426079
144,Caceres,CO,5.53,-74.53,95,96,65.39,2.98,1572426079
145,Deniliquin,AU,-35.53,144.96,100,18,77.09,8.5,1572426079
146,Nikolskoye,RU,59.7,30.79,75,74,30.99,13.42,1572426080
147,Tupiza,BO,-21.44,-65.72,0,71,51.62,1.25,1572426080
148,Hobart,AU,-42.88,147.33,75,58,59.0,6.93,1572426009
149,Saint-Joseph,FR,43.56,6.97,20,82,70.0,3.36,1572426080
150,Thompson,CA,55.74,-97.86,90,85,17.6,8.05,1572425930
151,Wanning,AT,48.64,13.53,75,93,46.0,8.05,1572426080
152,Rudiskes,LT,54.52,24.83,90,67,35.6,3.36,1572425943
153,Husavik,CA,50.56,-96.99,96,94,15.01,4.0,1572426080
154,La Cruz,MX,23.92,-106.89,0,91,64.99,4.21,1572426080
155,Havre-Saint-Pierre,CA,50.23,-63.6,90,100,42.8,4.7,1572426081
156,Vanimo,PG,-2.67,141.3,100,67,85.12,4.65,1572426081
157,Northam,AU,-31.65,116.67,90,82,66.2,18.34,1572426081
158,Santa Cruz,BR,-6.22,-36.02,0,79,69.4,9.48,1572426081
159,Kasongo-Lunda,CD,-6.48,16.82,100,65,80.46,2.77,1572426081
160,Rocha,UY,-34.48,-54.34,100,96,57.15,8.63,1572426081
161,Umm Kaddadah,SD,13.6,26.69,24,17,86.16,16.8,1572426081
162,Vardo,US,39.62,-77.74,90,93,59.0,1.77,1572426081
163,Hay River,CA,60.82,-115.79,75,68,26.6,5.82,1572426081
164,Vao,EE,59.1,26.19,55,65,33.28,8.37,1572426081
165,Sinnamary,GF,5.38,-52.96,87,77,81.86,13.09,1572426082
166,Quatre Cocos,MU,-20.21,57.76,40,57,80.01,11.41,1572426082
167,Yarim,YE,14.3,44.38,20,20,66.92,7.7,1572426082
168,Goundam,ML,16.42,-3.66,0,14,82.18,17.27,1572426082
169,Oeiras do Para,BR,-2.0,-49.85,3,93,74.12,2.84,1572426082
170,Hamilton,CA,43.26,-79.87,75,87,52.0,8.05,1572426023
171,Nanortalik,GL,60.14,-45.24,100,81,36.86,4.23,1572426082
172,Arlit,NE,18.74,7.39,67,14,91.74,4.99,1572426082
173,Buraydah,SA,26.33,43.97,0,62,84.2,9.17,1572426082
174,Zirandaro,MX,18.45,-100.98,68,88,72.86,0.69,1572426083
175,Kamennomostskoye,RU,43.73,43.05,20,48,62.6,4.47,1572426083
176,Nha Trang,VN,12.24,109.19,75,78,80.6,4.7,1572426083
177,Upernavik,GL,72.79,-56.15,100,94,24.22,13.47,1572426083
178,Jasidih,IN,24.51,86.65,22,50,82.33,7.09,1572426083
179,Jasper,US,33.83,-87.28,90,100,69.8,4.5,1572425919
180,Ilulissat,GL,69.22,-51.1,0,67,19.4,1.12,1572426083
181,Luderitz,NA,-26.65,15.16,0,27,77.0,13.87,1572426083
182,Penzance,GB,50.12,-5.53,75,100,55.4,28.86,1572426084
183,Georgetown,GY,6.8,-58.16,20,100,73.4,6.93,1572425832
184,Cholet,FR,47.06,-0.88,90,100,57.2,6.93,1572426084
185,Muros,ES,42.77,-9.06,90,100,66.99,12.75,1572426084
186,Santa Fe,AR,-31.62,-60.7,90,93,68.0,12.75,1572426085
187,Port Hawkesbury,CA,45.62,-61.36,1,100,44.01,6.93,1572426086
188,Beatrice,US,40.27,-96.75,90,69,32.0,13.87,1572426086
189,Oyonnax,FR,46.26,5.66,90,87,53.6,8.05,1572426086
190,Coffs Harbour,AU,-30.3,153.13,100,68,69.8,16.11,1572426086
191,Nouakchott,MR,18.08,-15.98,0,31,75.2,6.93,1572426086
192,Komsomolskoye,UA,45.02,34.02,100,59,52.72,7.23,1572426086
193,Bathsheba,BB,13.22,-59.52,20,78,80.6,8.05,1572426086
194,Mecca,SA,21.43,39.83,0,20,94.33,9.28,1572426086
195,Padang,ID,-0.92,100.36,100,93,72.72,3.2,1572426086
196,Faanui,PF,-16.48,-151.75,96,76,79.86,19.26,1572426086
197,Vila Franca do Campo,PT,37.72,-25.43,20,94,69.8,8.05,1572426087
198,Kalemie,CD,-5.95,29.2,100,80,74.1,6.55,1572426087
199,Greytown,ZA,-29.06,30.59,20,45,70.39,5.26,1572426087
200,Iqaluit,CA,63.75,-68.52,90,92,30.2,3.36,1572426087
201,Tremedal,BR,-14.98,-41.41,4,92,62.69,2.46,1572426087
202,Margate,AU,-43.03,147.26,75,58,59.0,6.93,1572426087
203,Ceres,BR,-15.31,-49.6,100,85,70.16,2.55,1572426087
204,Mar del Plata,AR,-46.43,-67.52,0,53,48.94,24.58,1572426087
205,Dauphin,CA,51.15,-100.04,90,85,19.4,14.99,1572426087
206,Egvekinot,RU,66.32,-179.17,0,67,4.69,1.16,1572426087
207,Severo-Kurilsk,RU,50.68,156.12,100,98,38.41,11.92,1572426088
208,Petropavlovsk-Kamchatskiy,RU,53.05,158.65,70,75,32.0,4.47,1572426088
209,Tura,RU,64.27,100.22,100,77,9.77,22.84,1572426088
210,Honiara,SB,-9.43,159.96,75,100,77.0,3.36,1572426088
211,Constitucion,MX,23.99,-104.67,20,80,53.01,3.0,1572426088
212,Paamiut,GL,61.99,-49.67,87,84,35.49,7.92,1572426088
213,Naranjito,PR,18.3,-66.25,90,74,80.6,9.17,1572426088
214,Jardim,BR,-21.48,-56.15,0,56,77.72,5.57,1572426088
215,Sinazongwe,ZM,-17.26,27.46,66,43,87.46,8.77,1572426088
216,Lagoa,PT,37.14,-8.45,100,93,66.99,2.24,1572426088
217,Bayir,TR,37.27,28.22,0,60,68.0,1.12,1572426089
218,Road Town,VG,18.42,-64.62,0,92,77.0,5.99,1572426037
219,Sao Joao da Barra,BR,-21.64,-41.05,36,83,74.44,9.89,1572426089
220,Bambous Virieux,MU,-20.34,57.76,40,57,80.01,11.41,1572426089
221,Palmeira,BR,-25.43,-50.0,0,92,65.39,1.81,1572426089
222,Kijini,TZ,-5.85,39.32,40,74,84.2,6.93,1572426089
223,Lebu,ET,8.96,38.73,0,39,69.1,3.91,1572426089
224,Chiquimula,GT,14.8,-89.55,94,1,70.0,0.67,1572426089
225,Puerto Ayacucho,CO,5.66,-67.63,0,97,71.15,2.24,1572426089
226,Tiksi,RU,71.64,128.87,100,94,5.31,1.88,1572426089
227,Miri,NG,10.31,9.75,17,44,87.58,2.71,1572426089
228,Ancud,CL,-41.87,-73.83,1,100,37.4,8.05,1572426090
229,Mehamn,NO,71.03,27.85,75,73,32.0,6.93,1572426090
230,Port Hedland,AU,-20.31,118.58,49,74,86.0,20.8,1572426090
231,Saquarema,BR,-22.93,-42.51,65,94,77.0,9.22,1572426090
232,Camacha,PT,33.08,-16.33,20,94,69.8,4.7,1572426090
233,Amahai,ID,-3.31,129.0,41,70,82.33,3.13,1572426090
234,Riyadh,SA,24.63,46.72,0,12,93.2,13.87,1572425907
235,Bedford,US,32.84,-97.14,90,100,45.0,3.36,1572426090
236,Hofn,IS,64.25,-15.21,75,86,33.8,3.36,1572426090
237,Las Palmas,CO,9.27,-75.33,100,92,75.56,4.9,1572426091
238,Kisangani,CD,0.52,25.21,75,83,73.4,6.93,1572426091
239,Mayumba,GA,-3.44,10.65,68,85,78.62,12.3,1572426091
240,Bacalar,MX,18.68,-88.39,96,98,74.14,3.11,1572426091
241,Broome,GB,52.47,1.45,40,87,52.0,5.82,1572426091
242,Necochea,AR,-38.55,-58.74,100,94,52.0,1.01,1572426091
243,Mahenge,TZ,-8.68,36.72,30,37,90.45,7.85,1572426091
244,Ahipara,NZ,-35.17,173.16,96,96,53.01,17.36,1572426091
245,Ternate,PH,14.29,120.72,75,70,86.0,4.7,1572426091
246,Iskateley,RU,67.68,53.15,100,87,27.9,13.33,1572426092
247,Palora,EC,-1.7,-77.97,100,90,61.57,3.85,1572426092
248,Irara,TL,-8.52,127.01,42,76,77.23,7.43,1572426092
249,Novikovo,RU,51.15,37.89,71,51,38.48,17.25,1572426092
250,Ocean City,US,30.44,-86.61,90,94,73.99,11.21,1572426092
251,Chipinge,ZW,-20.19,32.62,10,38,89.82,5.95,1572426092
252,Ishigaki,JP,24.34,124.16,75,88,77.0,19.46,1572426092
253,Suoyarvi,RU,62.08,32.35,0,82,25.23,4.16,1572426092
254,Cherskiy,RU,68.75,161.3,99,90,10.22,14.0,1572426093
255,Kutahya,TR,39.42,29.98,0,71,53.6,2.24,1572425934
256,Ketchikan,US,55.34,-131.65,90,87,46.4,4.7,1572426094
257,Yulara,AU,-25.24,130.99,0,4,96.8,11.41,1572426094
258,Henties Bay,NA,-22.12,14.28,0,81,61.0,7.0,1572426094
259,Torbay,CA,47.66,-52.73,90,86,42.01,12.75,1572426094
260,Goderich,CA,43.74,-81.71,100,93,46.99,3.49,1572426007
261,Kerema,PG,-7.96,145.78,100,91,76.77,2.33,1572426094
262,Llano Marin,PA,8.5,-80.33,100,94,78.01,2.66,1572426094
263,Kieta,PG,-6.22,155.63,100,70,83.17,2.86,1572426094
264,Mount Isa,AU,-20.73,139.49,40,20,87.8,5.82,1572426095
265,Maumere,ID,-8.63,122.22,99,75,79.77,3.62,1572426095
266,Dwarahat,IN,29.78,79.43,100,66,65.32,4.05,1572426095
267,Namibe,AO,-15.19,12.15,75,69,77.0,6.33,1572426095
268,Batagay,RU,67.65,134.64,21,99,-5.84,0.72,1572426095
269,Burgersdorp,ZA,-30.99,26.32,0,7,66.34,17.54,1572426095
270,Adrar,DZ,27.87,-0.29,0,39,64.4,11.41,1572426095
271,Talaya,RU,55.79,84.89,97,58,30.99,2.24,1572426095
272,Sanming,CN,26.24,117.6,100,74,62.78,3.65,1572426096
273,Viking,CA,53.1,-111.78,50,75,8.01,3.0,1572426096
274,Francisco Sa,BR,-16.48,-43.49,1,60,71.6,5.82,1572426096
275,Gualaquiza,EC,-3.4,-78.58,100,99,60.35,0.6,1572426096
276,Chake Chake,TZ,-5.25,39.77,0,72,81.28,10.2,1572426096
277,Littleton,US,39.61,-105.02,90,84,12.2,4.7,1572425911
278,Coahuayana,MX,18.62,-100.35,99,93,68.88,0.69,1572426096
279,Tabas,IR,33.6,56.92,0,34,78.8,2.24,1572426096
280,Serenje,ZM,-13.23,30.22,0,11,96.48,11.39,1572426096
281,Ribeira Grande,PT,38.52,-28.7,75,94,69.8,5.82,1572426097
282,Terenos,BR,-20.44,-54.87,45,61,80.6,9.17,1572426097
283,Charleville-Mezieres,FR,49.77,4.72,75,86,42.01,9.17,1572426098
284,Noumea,NC,-22.28,166.46,75,64,75.99,16.11,1572426098
285,Hondo,US,29.35,-99.14,90,100,61.0,7.52,1572426098
286,Manjo,CM,4.85,9.82,7,61,79.79,3.36,1572426098
287,Orlik,PL,53.95,17.74,75,70,43.0,10.29,1572426098
288,Saint-Georges,CA,46.12,-70.67,39,94,53.01,3.22,1572426098
289,Tera,CY,34.97,32.42,20,61,77.0,12.75,1572426099
290,Roald,NO,62.58,6.12,75,81,42.8,13.87,1572426099
291,Pangkalanbuun,ID,-2.68,111.62,51,62,85.95,7.74,1572426099
292,Coquimbo,CL,-29.95,-71.34,100,87,51.8,9.17,1572426099
293,Balaka,MW,-14.99,34.96,92,13,98.2,7.54,1572426099
294,Caravelas,BR,-17.73,-39.27,29,91,71.19,4.25,1572426099
295,Merrill,US,42.03,-121.6,1,24,25.0,4.7,1572426099
296,Khonsa,IN,26.99,95.51,82,84,73.36,2.57,1572426099
297,Camacupa,AO,-12.02,17.48,100,80,70.05,6.29,1572426099
298,Chokurdakh,RU,70.62,147.9,100,96,4.05,6.82,1572426099
299,Richards Bay,ZA,-28.77,32.06,100,82,66.56,8.72,1572426099
300,Taoudenni,ML,22.68,-3.98,0,21,80.42,13.98,1572426100
301,Canutama,BR,-6.53,-64.38,100,84,74.52,1.79,1572426100
302,Mackay,CA,53.65,-115.58,90,58,26.6,5.82,1572426100
303,Maxixe,MZ,-23.86,35.35,75,94,75.2,2.24,1572426100
304,Vostok,RU,46.45,135.83,28,92,26.8,4.85,1572426100
305,Lavrentiya,RU,65.58,-170.99,0,63,24.76,11.14,1572426100
306,Grand Baie,MU,-20.02,57.58,40,57,80.01,11.41,1572426100
307,Areka,ET,7.07,37.71,6,29,84.2,2.73,1572426100
308,Bredasdorp,ZA,-34.53,20.04,58,45,64.0,14.99,1572426100
309,Gasa,BT,27.91,89.73,100,79,33.19,8.72,1572426101
310,Marawi,PH,8.0,124.29,86,81,81.0,8.99,1572426101
311,Sao Filipe,CV,14.9,-24.5,0,68,78.71,5.19,1572426101
312,Carnot,CF,4.94,15.87,16,61,82.29,4.43,1572426101
313,Hargeysa,SO,9.56,44.06,12,27,77.0,11.41,1572426101
314,Whitehorse,CA,60.72,-135.06,5,74,35.6,16.11,1572426007
315,Mao,DO,19.55,-71.08,40,100,77.0,6.58,1572426101
316,Merritt,CA,50.11,-120.79,75,68,30.2,1.39,1572426012
317,Vikulovo,RU,55.07,40.96,100,83,35.1,8.72,1572426101
318,Cape Coast,GH,5.11,-1.24,100,77,80.19,7.11,1572426101
319,Kloulklubed,PW,7.04,134.26,75,74,84.2,4.7,1572426102
320,Neuquen,AR,-38.95,-68.06,0,65,44.6,8.97,1572426102
321,Todos Santos,MX,23.45,-110.23,0,73,73.0,3.0,1572426102
322,Plettenberg Bay,ZA,-34.05,23.37,5,54,62.87,15.52,1572426102
323,Kuytun,RU,54.34,101.51,0,69,28.24,7.92,1572426102
324,Coihaique,CL,-45.58,-72.07,20,75,42.8,5.82,1572426102
325,Miracema do Tocantins,BR,-9.56,-48.4,94,87,71.24,3.2,1572426102
326,Fare,PF,-16.7,-151.02,100,76,79.9,19.66,1572426102
327,Usinsk,RU,66.0,57.56,100,93,25.0,22.66,1572426102
328,Maba,CN,24.68,113.59,100,51,68.0,3.09,1572426103
329,Santa Isabel do Rio Negro,BR,-0.41,-65.02,75,97,71.37,1.28,1572426103
330,Port Keats,AU,-14.25,129.55,30,63,85.55,13.13,1572426103
331,Galle,GN,10.08,-12.83,0,66,78.26,1.83,1572426103
332,Valparaiso,US,41.47,-87.06,90,100,39.2,8.05,1572426103
333,Buchanan,LR,5.88,-10.05,40,83,78.8,1.54,1572426103
334,Sisimiut,GL,66.94,-53.67,7,72,20.35,7.96,1572426104
335,Ahmadpur Sial,PK,30.68,71.77,0,31,89.6,9.17,1572426105
336,Bonthe,SL,7.53,-12.5,2,80,80.6,2.75,1572426105
337,Katangli,RU,51.71,143.23,62,90,42.39,7.16,1572426105
338,Kysyl-Syr,RU,63.9,122.77,100,91,17.6,11.72,1572426106
339,Pamplona,ES,42.82,-1.64,90,100,64.0,4.61,1572426106
340,Nicoya,CR,10.15,-85.45,75,1,73.99,5.01,1572426106
341,Greenwood,CA,49.09,-118.68,0,74,17.01,5.01,1572426106
342,Lata,IN,30.78,78.62,25,56,40.39,8.79,1572426106
343,Providencia,CO,1.24,-77.6,100,86,43.36,5.21,1572426106
344,Temizhbekskiy,RU,45.44,41.03,100,88,51.62,15.99,1572426106
345,Acapulco,MX,16.86,-99.88,20,88,78.8,3.36,1572426106
346,Kyaukse,MM,21.6,96.13,20,56,95.0,4.7,1572426106
347,Shingu,JP,33.72,135.99,40,59,66.2,5.82,1572426106
348,Zhicheng,CN,35.04,112.59,0,22,72.19,7.11,1572426107
349,Zhezkazgan,KZ,47.8,67.71,44,25,64.4,6.71,1572426107
350,Cine,TR,37.61,28.06,0,60,68.0,1.12,1572426108
351,Kazachinskoye,RU,57.69,93.28,21,64,27.91,3.27,1572426108
352,Komsomolskiy,RU,67.55,63.78,88,91,10.13,3.6,1572426108
353,Hambantota,LK,6.12,81.12,75,94,82.4,9.17,1572426108
354,Talcahuano,CL,-36.72,-73.12,20,100,42.8,5.82,1572426108
355,Shelburne,CA,44.08,-80.2,75,81,46.99,9.17,1572426003
356,Manicore,BR,-5.81,-61.3,99,80,74.62,1.61,1572426108
357,Kupang,ID,-10.16,123.6,20,66,84.2,10.29,1572426108
358,Qianan,CN,44.99,124.06,33,59,48.15,9.78,1572426109
359,Tam Ky,VN,15.57,108.48,75,88,77.0,11.41,1572425839
360,Baoqing,CN,46.32,132.2,97,77,43.23,6.58,1572426109
361,El Paujil,CO,1.57,-75.33,12,95,67.95,2.84,1572426109
362,Pryazha,RU,61.69,33.62,70,85,24.8,6.71,1572426109
363,Nantucket,US,41.28,-70.1,90,100,55.99,3.36,1572426109
364,Rosario Oeste,BR,-14.84,-56.43,0,85,72.57,3.24,1572426109
365,Muborak,UZ,39.25,65.15,0,27,79.41,11.39,1572426109
366,Maple Creek,CA,49.91,-109.46,0,46,15.35,5.41,1572426109
367,Westport,US,41.14,-73.36,90,100,61.0,4.7,1572426109
368,Sobolevo,RU,54.43,31.9,91,59,32.29,15.68,1572426110
369,Broken Hill,AU,-31.97,141.45,100,29,78.8,20.8,1572426110
370,Meulaboh,ID,4.14,96.13,100,84,79.25,18.5,1572426110
371,Bodden Town,KY,19.28,-81.25,0,87,82.99,4.0,1572426110
372,Ola,RU,59.58,151.3,100,89,34.14,6.2,1572426110
373,Gidole,ET,5.65,37.37,31,44,83.95,2.8,1572426110
374,Sabha,LY,27.03,14.43,19,33,75.61,10.22,1572426110
375,Bethanien,NA,-26.5,17.16,0,7,73.33,14.97,1572426110
376,Thiruvananthapuram,IN,8.48,76.92,90,88,78.8,9.17,1572426111
377,Chilca,PE,-13.22,-72.34,91,75,42.8,4.07,1572426111
378,Guymon,US,36.68,-101.48,90,68,28.4,16.11,1572426111
379,Harper,US,30.3,-99.24,90,93,51.01,3.36,1572426111
380,Porto Novo,BR,-23.68,-45.44,40,88,66.2,2.24,1572426111
381,Maues,BR,-3.38,-57.72,64,89,73.53,1.28,1572426111
382,Stephenville,CA,48.55,-58.59,75,93,35.6,3.36,1572426039
383,Bilibino,RU,68.06,166.44,91,72,3.43,2.73,1572426111
384,Kahului,US,20.89,-156.47,20,78,73.4,3.36,1572426033
385,Cravo Norte,CO,6.3,-70.2,55,90,74.64,4.25,1572426112
386,Lorengau,PG,-2.02,147.27,100,66,85.37,3.11,1572426112
387,Chulym,RU,55.09,80.97,95,76,36.7,2.33,1572426112
388,Hasaki,JP,35.73,140.83,75,82,64.4,8.05,1572426112
389,Chicama,PE,-7.84,-79.15,75,87,60.8,5.82,1572426113
390,Aquiraz,BR,-3.9,-38.39,40,69,79.0,11.41,1572426113
391,Gamba,CN,28.28,88.52,50,25,40.6,7.45,1572426113
392,Luganville,VU,-15.51,167.18,75,61,78.8,11.41,1572426113
393,Dolores,UY,-33.53,-58.22,100,95,62.01,23.0,1572426114
394,Pangnirtung,CA,66.15,-65.72,100,69,26.89,11.65,1572426114
395,Narsaq,GL,60.91,-46.05,84,57,32.0,2.24,1572426114
396,Alta Gracia,AR,-31.66,-64.43,20,82,59.0,8.05,1572426114
397,Itarema,BR,-2.92,-39.92,86,69,77.38,12.06,1572426114
398,Qasigiannguit,GL,68.82,-51.19,0,67,19.4,1.12,1572426114
399,Gat,SN,14.69,-16.54,0,34,78.8,11.41,1572426114
400,Halifax,CA,44.65,-63.58,5,93,41.0,8.05,1572426086
401,Huai Thalaeng,TH,15.0,102.65,20,55,87.01,9.17,1572426114
402,Banikoara,BJ,11.3,2.44,61,55,84.0,7.11,1572426114
403,Dzhebariki-Khaya,RU,62.22,135.8,100,80,20.1,2.84,1572426114
404,Muscat,OM,23.6,58.55,40,62,89.6,13.87,1572426087
405,Along,IN,28.17,94.8,2,55,78.48,3.38,1572426115
406,Waipawa,NZ,-39.94,176.59,0,77,55.0,5.99,1572426115
407,Gornopravdinsk,RU,60.06,69.92,18,78,25.12,7.63,1572426115
408,Sabang,PH,13.8,121.11,100,82,82.0,4.0,1572426115
409,Bonavista,CA,48.65,-53.11,100,88,39.99,1.99,1572426115
410,Tadine,NC,-21.55,167.88,85,71,67.84,16.84,1572426115
411,Jumla,NP,29.28,82.18,100,37,59.31,8.86,1572426115
412,Cayenne,GF,4.94,-52.33,20,94,71.6,2.53,1572426115
413,Geraldton,CA,49.72,-86.95,75,53,24.8,10.29,1572426115
414,Sistranda,NO,63.73,8.83,75,87,46.0,21.92,1572426116
415,Semnan,IR,35.58,53.39,15,59,64.4,2.24,1572426116
416,La Rochelle,FR,46.16,-1.15,90,100,55.4,8.05,1572426116
417,Mirnyy,RU,56.57,36.46,100,88,28.89,14.25,1572426116
418,Oxelosund,SE,58.67,17.1,84,80,33.8,6.93,1572426116
419,Lubango,AO,-14.92,13.49,20,77,69.8,6.93,1572426116
420,Tarko-Sale,RU,64.92,77.78,100,81,21.99,4.0,1572426116
421,Portland,US,43.66,-70.25,90,100,53.6,3.36,1572426065
422,La Asuncion,AR,-26.05,-65.39,55,94,59.02,0.67,1572426116
423,Grindavik,IS,63.84,-22.43,75,93,42.8,11.41,1572426116
424,Srednekolymsk,RU,67.46,153.71,100,95,8.74,6.42,1572426117
425,Sola,TZ,-3.17,33.8,99,59,74.23,3.65,1572426117
426,Williston,US,48.15,-103.62,1,73,21.2,14.99,1572425933
427,Raymondville,US,37.34,-91.83,90,100,37.0,10.29,1572426117
428,Bilma,NE,18.69,12.92,7,11,92.28,16.13,1572426118
429,Eureka,US,40.8,-124.16,1,42,44.6,14.99,1572426118
430,Taruma,BO,-18.12,-63.46,40,74,78.8,12.75,1572426118
431,Sarangani,PH,5.4,125.46,87,72,82.78,7.96,1572426118
432,Junin,PE,-16.45,-71.58,94,32,51.8,5.82,1572426119
433,Columbus,US,32.46,-84.99,75,100,70.0,6.11,1572425971
434,Palmer,AU,-34.85,139.16,63,4,93.2,10.29,1572426119
435,Teya,MX,21.05,-89.07,75,94,77.0,8.05,1572426119
436,Morondava,MG,-20.3,44.28,0,16,115.16,0.4,1572426119
437,Betong,MY,5.77,101.07,67,85,79.86,1.99,1572426119
438,Fairbanks,US,64.84,-147.72,75,95,35.01,3.04,1572425865
439,Mishan,CN,45.55,131.88,94,62,42.84,7.25,1572426119
440,Ustye,RU,58.76,27.79,79,71,33.19,8.95,1572426119
441,Ous,RU,60.91,61.52,0,64,25.97,7.49,1572426119
442,Agadez,NE,16.97,7.99,72,21,89.6,6.93,1572426120
443,Kirkwall,GB,58.98,-2.96,40,93,42.01,2.24,1572426120
444,Tiznit,MA,29.7,-9.73,0,36,71.82,1.5,1572426120
445,Bacolod,PH,10.68,122.95,79,83,79.81,7.23,1572426120
446,Kandalaksha,RU,67.15,32.41,0,85,21.99,7.99,1572426120
447,West Wendover,US,40.74,-114.07,1,57,19.4,4.7,1572426120
448,Ibb,YE,13.97,44.18,4,41,75.47,9.26,1572425936
449,Springdale,US,36.19,-94.13,90,86,42.8,11.41,1572425880
450,Floro,NO,61.6,5.03,75,86,42.01,4.7,1572426120
451,Ixtapa,MX,20.71,-105.21,5,94,75.99,4.7,1572426121
452,Tautira,PF,-17.73,-149.15,20,73,77.0,3.36,1572426121
453,Invergordon,GB,57.69,-4.17,40,100,35.01,2.24,1572426121
454,Kaduqli,SD,11.01,29.72,73,27,89.51,13.51,1572426121
455,Puerto Madero,AR,-34.61,-58.36,75,93,61.0,13.87,1572425823
456,Pochutla,MX,15.74,-96.47,99,89,73.99,5.5,1572426121
457,Mogadishu,SO,2.04,45.34,40,66,86.0,5.82,1572425863
458,Summerside,CA,46.39,-63.79,90,93,46.0,4.7,1572426121
459,Noyabrsk,RU,63.2,75.45,100,90,19.22,21.16,1572426121
460,Saint-Louis,SN,16.03,-16.5,0,47,75.2,4.7,1572426121
461,Altar,MX,30.72,-111.84,46,69,46.99,4.12,1572426122
462,Dunedin,NZ,-45.87,170.5,0,62,48.25,24.74,1572425887
463,Wewak,PG,-3.55,143.63,52,79,80.29,4.92,1572426122
464,Zima,RU,53.93,102.05,0,60,30.07,8.68,1572426122
465,Matagami,NG,9.67,8.4,46,62,80.38,2.48,1572426122
466,Segesd,HU,46.35,17.35,75,93,46.4,4.7,1572426122
467,Vilhena,BR,-12.74,-60.15,78,92,69.15,1.74,1572426122
468,Raudeberg,NO,61.99,5.14,75,86,42.01,4.7,1572426122
469,Canon City,US,39.46,-117.13,1,44,-4.01,3.49,1572426122
470,Coos Bay,US,43.37,-124.22,1,30,45.0,16.11,1572426123
471,Zhanaozen,KZ,43.35,52.85,14,48,65.07,6.38,1572426124
472,Balaguer,ES,41.79,0.81,75,100,59.0,3.36,1572426124
473,Lasa,CY,34.92,32.53,20,61,77.0,12.75,1572426126
474,Chara,GR,39.42,22.43,20,63,71.6,1.79,1572426126
475,Wilmington,US,39.75,-75.55,90,100,60.8,3.67,1572425929
476,Obo,CF,5.39,26.49,50,57,83.32,3.51,1572426126
477,Nayudupeta,IN,13.91,79.9,75,88,78.8,9.17,1572426126
478,Huarmey,PE,-10.07,-78.15,100,84,58.53,0.69,1572426126
479,Antofagasta,CL,-23.65,-70.4,90,72,59.0,3.36,1572426126
480,Zhigansk,RU,66.77,123.37,53,64,13.75,9.95,1572426126
481,Berlevag,NO,70.86,29.09,75,73,32.0,6.93,1572426126
482,Plasencia,ES,40.03,-6.09,79,81,62.01,1.86,1572426127
483,Igarka,RU,67.47,86.57,100,93,9.34,17.78,1572426127
484,Moba,CD,-7.04,29.77,52,72,76.86,11.97,1572426127
485,Karlivka,UA,49.46,35.11,0,43,42.76,15.99,1572426127
486,Wana,PK,32.31,69.59,32,28,62.65,13.78,1572426127
487,Sagua la Grande,CU,22.81,-80.07,20,88,73.4,16.87,1572426127
488,Ahuimanu,US,21.44,-157.84,20,88,77.0,0.87,1572426127
489,Skibbereen,IE,51.55,-9.27,75,93,50.0,24.16,1572426127
490,La Palma,CO,5.36,-74.39,95,96,65.39,2.98,1572426127
491,Kanye,BW,-24.98,25.34,0,20,80.56,7.34,1572426127
492,Shar,NG,7.3,8.73,95,78,82.76,2.21,1572426127
493,Port Shepstone,ZA,-30.74,30.45,79,62,68.07,8.97,1572426128
494,Lesnikovo,RU,55.28,65.32,47,55,34.9,4.9,1572426128
495,San Policarpo,PH,12.18,125.51,79,82,81.95,9.69,1572426128
496,Virginia Beach,US,36.85,-75.98,90,100,63.0,6.62,1572425900
497,Innisfail,AU,-17.52,146.03,90,82,72.45,4.14,1572426007
498,Upington,ZA,-28.46,21.24,0,15,68.0,4.7,1572426128
499,Borger,NL,52.92,6.79,0,80,42.01,5.82,1572426128
500,Wajir,KE,1.75,40.07,75,78,80.6,6.93,1572426128
501,Beihai,CN,38.95,121.19,0,36,66.99,6.71,1572426128
502,Oeiras,BR,-7.01,-42.13,95,48,74.8,3.4,1572426128
503,Brigantine,US,39.41,-74.36,90,100,63.0,3.36,1572426129
504,Magdalena,PH,14.2,121.43,75,70,86.0,4.7,1572426129
505,Ribnica,SI,45.74,14.73,90,81,53.6,1.12,1572426129
506,Aksarka,RU,66.56,67.8,100,95,18.55,8.61,1572426129
507,Rio Tinto,BR,-6.8,-35.08,20,94,68.0,3.36,1572426129
508,Hornepayne,CA,49.22,-84.78,34,65,26.11,4.7,1572426129
509,San Miguel,AR,-34.54,-58.72,90,87,61.0,12.75,1572426129
510,Moose Factory,CA,51.26,-80.61,20,84,32.0,9.17,1572426129
511,Wagar,US,31.44,-87.99,100,94,72.0,4.0,1572426129
512,Thunder Bay,CA,48.41,-89.26,5,67,26.01,4.7,1572426129
513,Mount Gambier,AU,-37.83,140.78,0,28,80.6,10.29,1572425883
514,Salalah,OM,17.01,54.1,100,49,85.98,11.86,1572426130
515,Nazas,MX,25.22,-104.11,2,65,57.42,2.51,1572426130
516,Nouadhibou,MR,20.93,-17.03,0,57,77.0,12.75,1572426130
517,Okha,RU,53.59,142.95,100,97,41.27,11.5,1572426130
518,Prince Rupert,CA,54.32,-130.32,90,100,44.6,5.82,1572426130
519,Almeirim,BR,-1.53,-52.58,39,90,74.7,3.71,1572426130
520,Lloydminster,CA,53.28,-110.01,1,78,8.6,8.05,1572426024
521,High Level,CA,58.52,-117.13,40,92,14.0,0.78,1572426130
522,Langsa,ID,4.47,97.97,38,74,84.63,5.46,1572426130
523,Half Moon Bay,US,37.46,-122.43,1,25,60.8,4.7,1572426130
524,Saint-Pierre,FR,48.95,4.24,90,87,46.4,11.41,1572426131
525,Kochetok,UA,49.87,36.73,75,60,39.2,13.42,1572426131
526,Emirdag,TR,39.02,31.15,0,58,55.4,5.82,1572426131
527,Labytnangi,RU,66.66,66.39,100,85,21.87,14.83,1572426131
528,Mariakani,KE,-3.87,39.47,75,79,84.2,8.05,1572426131
529,Kaoma,ZM,-14.8,24.8,67,21,96.51,5.7,1572426131
530,Bhatkal,IN,13.97,74.57,31,73,86.31,2.93,1572426131
531,Hokitika,NZ,-42.72,170.96,3,68,54.01,21.99,1572426131
532,Batouri,CM,4.44,14.36,100,72,79.41,3.87,1572426131
533,Saint Anthony,US,43.97,-111.68,1,77,3.99,1.83,1572426132
534,Great Falls,US,47.5,-111.29,1,71,14.0,14.99,1572426133
535,Emerald,AU,-23.53,148.16,90,64,75.2,17.22,1572426133
536,Bechyne,CZ,49.3,14.47,0,99,44.01,1.01,1572426133
537,Buala,SB,-8.15,159.59,100,79,81.36,6.15,1572426133
538,Guerrero Negro,MX,27.97,-114.04,100,76,61.72,8.5,1572426133
539,Krasnopillya,UA,50.77,35.26,75,56,37.04,16.71,1572426133
540,Birin,NP,26.89,88.07,40,48,86.0,3.36,1572426133
541,Esil,KZ,51.96,66.41,100,49,53.91,10.42,1572426133
542,Santa Maria del Oro,MX,25.95,-105.37,3,51,48.63,4.5,1572426133
543,Wanaka,NZ,-44.7,169.14,9,88,31.08,4.92,1572426134
544,Ajaigarh,IN,24.9,80.27,89,36,87.21,6.04,1572426134
545,Lamu,CN,35.77,102.37,98,30,40.35,4.92,1572426134
546,Wattegama,LK,7.35,80.68,100,85,77.88,1.25,1572426134
547,Jucuaran,SV,13.25,-88.25,69,80,79.66,6.82,1572426134
548,Svobodnyy,RU,53.85,40.53,99,68,35.01,4.0,1572426134
549,Kem,UG,2.68,33.77,21,39,85.12,13.11,1572426134
550,Kawalu,ID,-7.38,108.21,40,65,78.08,8.43,1572426134
551,Aklavik,CA,68.22,-135.01,5,74,37.4,6.93,1572426135
552,Puerto Baquerizo Moreno,EC,-0.9,-89.6,80,87,69.31,15.01,1572426135
553,Port-Gentil,GA,-0.72,8.78,75,79,84.2,9.17,1572426135
554,Chimbote,PE,-9.08,-78.59,100,83,59.67,3.24,1572426135
555,Bubaque,GW,11.28,-15.83,0,67,81.09,10.07,1572426136
556,Rakitnoye,RU,50.83,35.83,40,59,35.6,17.9,1572426136
557,La Ronge,CA,55.1,-105.3,5,78,12.2,8.05,1572426136
558,Letlhakane,BW,-21.42,25.59,70,31,88.86,10.89,1572426136
559,Guanica,PR,17.97,-66.91,100,89,75.0,3.09,1572426136
560,Comodoro Rivadavia,AR,-45.87,-67.48,0,70,46.4,10.29,1572426136
561,Alta Floresta,BR,-9.87,-56.08,19,98,69.26,2.42,1572426137
562,Dubbo,AU,-32.25,148.6,40,24,78.8,9.17,1572426137
563,Manono,CD,-7.3,27.4,100,82,77.74,3.47,1572426137
564,Port Lincoln,AU,-34.72,135.86,29,32,75.72,4.88,1572426137
